{
  "music_disc.kids": {
    "sounds": [
      {
        "name": "mydiscs:music/kids",
        "stream": true
      }
    ]
  },
  "music_disc.main_theme": {
    "sounds": [
      {
        "name": "mydiscs:music/main_theme",
        "stream": true
      }
    ]
  },
  "music_disc.runningup": {
    "sounds": [
      {
        "name": "mydiscs:music/runningup",
        "stream": true
      }
    ]
  },
  "music_disc.shouldistay": {
    "sounds": [
      {
        "name": "mydiscs:music/shouldistay",
        "stream": true
      }
    ]
  }
}
